ID,Name,QR Code
BOYS-PCM-AP-01,
BOYS-PCM-AP-02,
BOYS-PCM-AP-03,
BOYS-PCM-AP-04,
BOYS-PCM-AP-05,
BOYS-PCM-AP-06,
BOYS-PCM-AP-07,
BOYS-PCM-AP-08,
BOYS-PCM-AP-09,
BOYS-PCM-AP-10,
BOYS-PCM-AP-11,
BOYS-PCM-AP-12,
BOYS-PCM-AP-13,
BOYS-PCM-AP-14,
BOYS-PCM-AP-15,
BOYS-PCM-ARN-01,
BOYS-PCM-ARN-02,
BOYS-PCM-ARN-03,
BOYS-PCM-ARN-04,
BOYS-PCM-ARN-05,
BOYS-PCM-ARN-06,
BOYS-PCM-ARN-07,
BOYS-PCM-ARN-08,
BOYS-PCM-ARN-09,
BOYS-PCM-ARN-10,
BOYS-PCM-ARN-11,
BOYS-PCM-ARN-12,
BOYS-PCM-ARN-13,
BOYS-PCM-ARN-14,
BOYS-PCM-ARN-15,
BOYS-PCM-ASM-01,
BOYS-PCM-ASM-02,
BOYS-PCM-ASM-03,
BOYS-PCM-ASM-04,
BOYS-PCM-ASM-05,
BOYS-PCM-ASM-06,
BOYS-PCM-ASM-07,
BOYS-PCM-ASM-08,
BOYS-PCM-ASM-09,
BOYS-PCM-ASM-10,
BOYS-PCM-ASM-11,
BOYS-PCM-ASM-12,
BOYS-PCM-ASM-13,
BOYS-PCM-ASM-14,
BOYS-PCM-ASM-15,
BOYS-PCM-BHR-01,
BOYS-PCM-BHR-02,
BOYS-PCM-BHR-03,
BOYS-PCM-BHR-04,
BOYS-PCM-BHR-05,
BOYS-PCM-BHR-06,
BOYS-PCM-BHR-07,
BOYS-PCM-BHR-08,
BOYS-PCM-BHR-09,
BOYS-PCM-BHR-10,
BOYS-PCM-BHR-11,
BOYS-PCM-BHR-12,
BOYS-PCM-BHR-13,
BOYS-PCM-BHR-14,
BOYS-PCM-BHR-15,
BOYS-PCM-BNG-01,
BOYS-PCM-BNG-02,
BOYS-PCM-BNG-03,
BOYS-PCM-BNG-04,
BOYS-PCM-BNG-05,
BOYS-PCM-BNG-06,
BOYS-PCM-BNG-07,
BOYS-PCM-BNG-08,
BOYS-PCM-BNG-09,
BOYS-PCM-BNG-10,
BOYS-PCM-BNG-11,
BOYS-PCM-BNG-12,
BOYS-PCM-BNG-13,
BOYS-PCM-BNG-14,
BOYS-PCM-BNG-15,
BOYS-PCM-CG- 01,
BOYS-PCM-CG- 02,
BOYS-PCM-CG- 03,
BOYS-PCM-CG- 04,
BOYS-PCM-CG- 05,
BOYS-PCM-CG- 06,
BOYS-PCM-CG- 07,
BOYS-PCM-CG- 08,
BOYS-PCM-CG- 09,
BOYS-PCM-CG- 10,
BOYS-PCM-CG- 11,
BOYS-PCM-CG- 12,
BOYS-PCM-CG- 13,
BOYS-PCM-CG- 14,
BOYS-PCM-CG- 15,
BOYS-PCM-CHD-01,
BOYS-PCM-CHD-02,
BOYS-PCM-CHD-03,
BOYS-PCM-CHD-04,
BOYS-PCM-CHD-05,
BOYS-PCM-CHD-06,
BOYS-PCM-CHD-07,
BOYS-PCM-CHD-08,
BOYS-PCM-CHD-09,
BOYS-PCM-CHD-10,
BOYS-PCM-CHD-11,
BOYS-PCM-CHD-12,
BOYS-PCM-CHD-13,
BOYS-PCM-CHD-14,
BOYS-PCM-CHD-15,
BOYS-PCM-DEI-01,
BOYS-PCM-DEI-02,
BOYS-PCM-DEI-03,
BOYS-PCM-DEI-04,
BOYS-PCM-DEI-05,
BOYS-PCM-DEI-06,
BOYS-PCM-DEI-07,
BOYS-PCM-DEI-08,
BOYS-PCM-DEI-09,
BOYS-PCM-DEI-10,
BOYS-PCM-DEI-11,
BOYS-PCM-DEI-12,
BOYS-PCM-DEI-13,
BOYS-PCM-DEI-14,
BOYS-PCM-DND-01,
BOYS-PCM-DND-02,
BOYS-PCM-DND-03,
BOYS-PCM-DND-04,
BOYS-PCM-DND-05,
BOYS-PCM-DND-06,
BOYS-PCM-DND-07,
BOYS-PCM-DND-08,
BOYS-PCM-DND-09,
BOYS-PCM-DND-10,
BOYS-PCM-DND-11,
BOYS-PCM-DND-12,
BOYS-PCM-DND-13,
BOYS-PCM-DND-14,
BOYS-PCM-GOA-01,
BOYS-PCM-GOA-02,
BOYS-PCM-GOA-03,
BOYS-PCM-GOA-04,
BOYS-PCM-GOA-05,
BOYS-PCM-GOA-06,
BOYS-PCM-GOA-07,
BOYS-PCM-GOA-08,
BOYS-PCM-GOA-09,
BOYS-PCM-GOA-10,
BOYS-PCM-GOA-11,
BOYS-PCM-GOA-12,
BOYS-PCM-GOA-13,
BOYS-PCM-GOA-14,
BOYS-PCM-GUJ-01,
BOYS-PCM-GUJ-02,
BOYS-PCM-GUJ-03,
BOYS-PCM-GUJ-04,
BOYS-PCM-GUJ-05,
BOYS-PCM-GUJ-06,
BOYS-PCM-GUJ-07,
BOYS-PCM-GUJ-08,
BOYS-PCM-GUJ-09,
BOYS-PCM-GUJ-10,
BOYS-PCM-GUJ-11,
BOYS-PCM-GUJ-12,
BOYS-PCM-GUJ-13,
BOYS-PCM-GUJ-14,
BOYS-PCM-HP-01,
BOYS-PCM-HP-02,
BOYS-PCM-HP-03,
BOYS-PCM-HP-04,
BOYS-PCM-HP-05,
BOYS-PCM-HP-06,
BOYS-PCM-HP-07,
BOYS-PCM-HP-08,
BOYS-PCM-HP-09,
BOYS-PCM-HP-10,
BOYS-PCM-HP-11,
BOYS-PCM-HP-12,
BOYS-PCM-HP-13,
BOYS-PCM-HP-14,
BOYS-PCM-HRN-01,
BOYS-PCM-HRN-02,
BOYS-PCM-HRN-03,
BOYS-PCM-HRN-04,
BOYS-PCM-HRN-05,
BOYS-PCM-HRN-06,
BOYS-PCM-HRN-07,
BOYS-PCM-HRN-08,
BOYS-PCM-HRN-09,
BOYS-PCM-HRN-10,
BOYS-PCM-HRN-11,
BOYS-PCM-HRN-12,
BOYS-PCM-HRN-13,
BOYS-PCM-HRN-14,
BOYS-PCM-JK-01,
BOYS-PCM-JK-02,
BOYS-PCM-JK-03,
BOYS-PCM-JK-04,
BOYS-PCM-JK-05,
BOYS-PCM-JK-06,
BOYS-PCM-JK-07,
BOYS-PCM-JK-08,
BOYS-PCM-JK-09,
BOYS-PCM-JK-10,
BOYS-PCM-JK-11,
BOYS-PCM-JK-12,
BOYS-PCM-JK-13,
BOYS-PCM-JK-14,
BOYS-PCM-JKD-01,
BOYS-PCM-JKD-02,
BOYS-PCM-JKD-03,
BOYS-PCM-JKD-04,
BOYS-PCM-JKD-05,
BOYS-PCM-JKD-06,
BOYS-PCM-JKD-07,
BOYS-PCM-JKD-08,
BOYS-PCM-JKD-09,
BOYS-PCM-JKD-10,
BOYS-PCM-JKD-11,
BOYS-PCM-JKD-12,
BOYS-PCM-JKD-13,
BOYS-PCM-JKD-14,
BOYS-PCM-KNT-01,
BOYS-PCM-KNT-02,
BOYS-PCM-KNT-03,
BOYS-PCM-KNT-04,
BOYS-PCM-KNT-05,
BOYS-PCM-KNT-06,
BOYS-PCM-KNT-07,
BOYS-PCM-KNT-08,
BOYS-PCM-KNT-09,
BOYS-PCM-KNT-10,
BOYS-PCM-KNT-11,
BOYS-PCM-KNT-12,
BOYS-PCM-KNT-13,
BOYS-PCM-KNT-14,
BOYS-PCM-KRL-01,
BOYS-PCM-KRL-02,
BOYS-PCM-KRL-03,
BOYS-PCM-KRL-04,
BOYS-PCM-KRL-05,
BOYS-PCM-KRL-06,
BOYS-PCM-KRL-07,
BOYS-PCM-KRL-08,
BOYS-PCM-KRL-09,
BOYS-PCM-KRL-10,
BOYS-PCM-KRL-11,
BOYS-PCM-KRL-12,
BOYS-PCM-KRL-13,
BOYS-PCM-KRL-14,
BOYS-PCM-KRL-15,
BOYS-PCM-KRL-16,
BOYS-PCM-KRL-17,
BOYS-PCM-KRL-18,
BOYS-PCM-MEG-01,
BOYS-PCM-MEG-02,
BOYS-PCM-MEG-03,
BOYS-PCM-MEG-04,
BOYS-PCM-MEG-05,
BOYS-PCM-MEG-06,
BOYS-PCM-MEG-07,
BOYS-PCM-MEG-08,
BOYS-PCM-MEG-09,
BOYS-PCM-MEG-10,
BOYS-PCM-MEG-11,
BOYS-PCM-MEG-12,
BOYS-PCM-MEG-13,
BOYS-PCM-MEG-14,
BOYS-PCM-MHR-01,
BOYS-PCM-MHR-02,
BOYS-PCM-MHR-03,
BOYS-PCM-MHR-04,
BOYS-PCM-MHR-05,
BOYS-PCM-MHR-06,
BOYS-PCM-MHR-07,
BOYS-PCM-MHR-08,
BOYS-PCM-MHR-09,
BOYS-PCM-MHR-10,
BOYS-PCM-MHR-11,
BOYS-PCM-MHR-12,
BOYS-PCM-MHR-13,
BOYS-PCM-MHR-14,
BOYS-PCM-MHR-15,
BOYS-PCM-MHR-16,
BOYS-PCM-MHR-17,
BOYS-PCM-MHR-18,
BOYS-PCM-MIZ-01,
BOYS-PCM-MIZ-02,
BOYS-PCM-MIZ-03,
BOYS-PCM-MIZ-04,
BOYS-PCM-MIZ-05,
BOYS-PCM-MIZ-06,
BOYS-PCM-MIZ-07,
BOYS-PCM-MIZ-08,
BOYS-PCM-MIZ-09,
BOYS-PCM-MIZ-10,
BOYS-PCM-MIZ-11,
BOYS-PCM-MIZ-12,
BOYS-PCM-MIZ-13,
BOYS-PCM-MIZ-14,
BOYS-PCM-MNP-01,
BOYS-PCM-MNP-02,
BOYS-PCM-MNP-03,
BOYS-PCM-MNP-04,
BOYS-PCM-MNP-05,
BOYS-PCM-MNP-06,
BOYS-PCM-MNP-07,
BOYS-PCM-MNP-08,
BOYS-PCM-MNP-09,
BOYS-PCM-MNP-10,
BOYS-PCM-MNP-11,
BOYS-PCM-MNP-12,
BOYS-PCM-MNP-13,
BOYS-PCM-MNP-14,
BOYS-PCM-MP-01,
BOYS-PCM-MP-02,
BOYS-PCM-MP-03,
BOYS-PCM-MP-04,
BOYS-PCM-MP-05,
BOYS-PCM-MP-06,
BOYS-PCM-MP-07,
BOYS-PCM-MP-08,
BOYS-PCM-MP-09,
BOYS-PCM-MP-10,
BOYS-PCM-MP-11,
BOYS-PCM-MP-12,
BOYS-PCM-MP-13,
BOYS-PCM-MP-14,
BOYS-PCM-NCOE-01,
BOYS-PCM-NCOE-02,
BOYS-PCM-NCOE-03,
BOYS-PCM-NCOE-04,
BOYS-PCM-NCOE-05,
BOYS-PCM-NCOE-06,
BOYS-PCM-NCOE-07,
BOYS-PCM-NCOE-08,
BOYS-PCM-NCOE-09,
BOYS-PCM-NCOE-10,
BOYS-PCM-NCOE-11,
BOYS-PCM-NCOE-12,
BOYS-PCM-NCOE-13,
BOYS-PCM-NCOE-14,
BOYS-PCM-ODS-01,
BOYS-PCM-ODS-02,
BOYS-PCM-ODS-03,
BOYS-PCM-ODS-04,
BOYS-PCM-ODS-05,
BOYS-PCM-ODS-06,
BOYS-PCM-ODS-07,
BOYS-PCM-ODS-08,
BOYS-PCM-ODS-09,
BOYS-PCM-ODS-10,
BOYS-PCM-ODS-11,
BOYS-PCM-ODS-12,
BOYS-PCM-ODS-13,
BOYS-PCM-ODS-14,
BOYS-PCM-PON-01,
BOYS-PCM-PON-02,
BOYS-PCM-PON-03,
BOYS-PCM-PON-04,
BOYS-PCM-PON-05,
BOYS-PCM-PON-06,
BOYS-PCM-PON-07,
BOYS-PCM-PON-08,
BOYS-PCM-PON-09,
BOYS-PCM-PON-10,
BOYS-PCM-PON-11,
BOYS-PCM-PON-12,
BOYS-PCM-PON-13,
BOYS-PCM-PON-14,
BOYS-PCM-PSPB-01,
BOYS-PCM-PSPB-02,
BOYS-PCM-PSPB-03,
BOYS-PCM-PSPB-04,
BOYS-PCM-PSPB-05,
BOYS-PCM-PSPB-06,
BOYS-PCM-PSPB-07,
BOYS-PCM-PSPB-08,
BOYS-PCM-PSPB-09,
BOYS-PCM-PSPB-10,
BOYS-PCM-PSPB-11,
BOYS-PCM-PSPB-12,
BOYS-PCM-PSPB-13,
BOYS-PCM-PSPB-14,
BOYS-PCM-PUB-01,
BOYS-PCM-PUB-02,
BOYS-PCM-PUB-03,
BOYS-PCM-PUB-04,
BOYS-PCM-PUB-05,
BOYS-PCM-PUB-06,
BOYS-PCM-PUB-07,
BOYS-PCM-PUB-08,
BOYS-PCM-PUB-09,
BOYS-PCM-PUB-10,
BOYS-PCM-PUB-11,
BOYS-PCM-PUB-12,
BOYS-PCM-PUB-13,
BOYS-PCM-PUB-14,
BOYS-PCM-TELG-01,
BOYS-PCM-TELG-02,
BOYS-PCM-TELG-03,
BOYS-PCM-TELG-04,
BOYS-PCM-TELG-05,
BOYS-PCM-TELG-06,
BOYS-PCM-TELG-07,
BOYS-PCM-TELG-08,
BOYS-PCM-TELG-09,
BOYS-PCM-TELG-10,
BOYS-PCM-TELG-11,
BOYS-PCM-TELG-12,
BOYS-PCM-TELG-13,
BOYS-PCM-TELG-14,
BOYS-PCM-TN-01,
BOYS-PCM-TN-02,
BOYS-PCM-TN-03,
BOYS-PCM-TN-04,
BOYS-PCM-TN-05,
BOYS-PCM-TN-06,
BOYS-PCM-TN-07,
BOYS-PCM-TN-08,
BOYS-PCM-TN-09,
BOYS-PCM-TN-10,
BOYS-PCM-TN-11,
BOYS-PCM-TN-12,
BOYS-PCM-TN-13,
BOYS-PCM-TN-14,
BOYS-PCM-TTFI-01,
BOYS-PCM-TTFI-02,
BOYS-PCM-TTFI-03,
BOYS-PCM-TTFI-04,
BOYS-PCM-TTFI-05,
BOYS-PCM-TTFI-06,
BOYS-PCM-TTFI-07,
BOYS-PCM-TTFI1-01,
BOYS-PCM-TTFI1-02,
BOYS-PCM-TTFI1-03,
BOYS-PCM-TTFI1-04,
BOYS-PCM-TTFI1-05,
BOYS-PCM-TTFI1-06,
BOYS-PCM-TTFI1-07,
BOYS-PCM-TTFI1-08,
BOYS-PCM-TTFI1-09,
BOYS-PCM-TTFI1-10,
BOYS-PCM-TTFI1-11,
BOYS-PCM-TTFI1-12,
BOYS-PCM-TTFI1-13,
BOYS-PCM-TTFI1-14,
BOYS-PCM-TTFI2-01,
BOYS-PCM-TTFI2-02,
BOYS-PCM-TTFI2-03,
BOYS-PCM-TTFI2-04,
BOYS-PCM-TTFI2-05,
BOYS-PCM-TTFI2-06,
BOYS-PCM-TTFI2-07,
BOYS-PCM-TTFI2-08,
BOYS-PCM-TTFI2-09,
BOYS-PCM-UKD-01,
BOYS-PCM-UKD-02,
BOYS-PCM-UKD-03,
BOYS-PCM-UKD-04,
BOYS-PCM-UKD-05,
BOYS-PCM-UKD-06,
BOYS-PCM-UKD-07,
BOYS-PCM-UKD-08,
BOYS-PCM-UKD-09,
BOYS-PCM-UKD-10,
BOYS-PCM-UKD-11,
BOYS-PCM-UKD-12,
BOYS-PCM-UKD-13,
BOYS-PCM-UKD-14,
BOYS-PCM-UP-01,
BOYS-PCM-UP-02,
BOYS-PCM-UP-03,
BOYS-PCM-UP-04,
BOYS-PCM-UP-05,
BOYS-PCM-UP-06,
BOYS-PCM-UP-07,
BOYS-PCM-UP-08,
BOYS-PCM-UP-09,
BOYS-PCM-UP-10,
BOYS-PCM-UP-11,
BOYS-PCM-UP-12,
BOYS-PCM-UP-13,
BOYS-PCM-UP-14,
BOYS-TECH-OFF-001,
BOYS-TECH-OFF-002,
BOYS-TECH-OFF-003,
BOYS-TECH-OFF-004,
BOYS-TECH-OFF-005,
BOYS-TECH-OFF-006,
BOYS-TECH-OFF-007,
BOYS-TECH-OFF-008,
BOYS-TECH-OFF-009,
BOYS-TECH-OFF-010,
BOYS-TECH-OFF-011,
BOYS-TECH-OFF-012,
BOYS-TECH-OFF-013,
BOYS-TECH-OFF-014,
BOYS-TECH-OFF-015,
BOYS-TECH-OFF-016,
BOYS-TECH-OFF-017,
BOYS-TECH-OFF-018,
BOYS-TECH-OFF-019,
BOYS-TECH-OFF-020,
BOYS-TECH-OFF-021,
BOYS-TECH-OFF-022,
BOYS-TECH-OFF-023,
BOYS-TECH-OFF-024,
BOYS-TECH-OFF-025,
BOYS-TECH-OFF-026,
BOYS-TECH-OFF-027,
BOYS-TECH-OFF-028,
BOYS-TECH-OFF-029,
BOYS-TECH-OFF-030,
BOYS-TECH-OFF-031,
BOYS-TECH-OFF-032,
BOYS-TECH-OFF-033,
BOYS-TECH-OFF-034,
BOYS-TECH-OFF-035,
BOYS-TECH-OFF-036,
BOYS-TECH-OFF-037,
BOYS-TECH-OFF-038,
BOYS-TECH-OFF-039,
BOYS-TECH-OFF-040,
BOYS-TECH-OFF-041,
BOYS-TECH-OFF-042,
BOYS-TECH-OFF-043,
BOYS-TECH-OFF-044,
BOYS-TECH-OFF-045,
BOYS-TECH-OFF-046,
BOYS-TECH-OFF-047,
BOYS-TECH-OFF-048,
BOYS-TECH-OFF-049,
BOYS-TECH-OFF-050,
BOYS-TECH-OFF-051,
BOYS-TECH-OFF-052,
BOYS-TECH-OFF-053,
BOYS-TECH-OFF-054,
BOYS-TECH-OFF-055,
BOYS-TECH-OFF-056,
BOYS-TECH-OFF-057,
BOYS-TECH-OFF-058,
BOYS-TECH-OFF-059,
BOYS-TECH-OFF-060,
BOYS-TECH-OFF-061,
BOYS-TECH-OFF-062,
BOYS-TECH-OFF-063,
BOYS-TECH-OFF-064,
BOYS-TECH-OFF-065,
BOYS-TECH-OFF-066,
BOYS-TECH-OFF-067,
BOYS-TECH-OFF-068,
BOYS-TECH-OFF-069,
BOYS-TECH-OFF-070,
BOYS-TECH-OFF-071,
BOYS-TECH-OFF-072,
BOYS-TECH-OFF-073,
BOYS-TECH-OFF-074,
BOYS-TECH-OFF-075,
BOYS-TECH-OFF-076,
BOYS-TECH-OFF-077,
BOYS-TECH-OFF-078,
BOYS-TECH-OFF-079,
BOYS-TECH-OFF-080,
BOYS-TECH-OFF-081,
BOYS-TECH-OFF-082,
BOYS-TECH-OFF-083,
BOYS-TECH-OFF-084,
BOYS-TECH-OFF-085,
BOYS-TECH-OFF-086,
BOYS-TECH-OFF-087,
BOYS-TECH-OFF-088,
BOYS-TECH-OFF-089,
BOYS-TECH-OFF-090,
BOYS-TECH-OFF-091,
BOYS-TECH-OFF-092,
BOYS-TECH-OFF-093,
BOYS-TECH-OFF-094,
BOYS-TECH-OFF-095,
BOYS-TECH-OFF-096,
BOYS-TECH-OFF-097,
BOYS-TECH-OFF-098,
BOYS-TECH-OFF-099,
BOYS-TECH-OFF-100,
BOYS-ORG-001,
BOYS-ORG-002,
BOYS-ORG-003,
BOYS-ORG-004,
BOYS-ORG-005,
BOYS-ORG-006,
BOYS-ORG-007,
BOYS-ORG-008,
BOYS-ORG-009,
BOYS-ORG-010,
BOYS-ORG-011,
BOYS-ORG-012,
BOYS-ORG-013,
BOYS-ORG-014,
BOYS-ORG-015,
BOYS-ORG-016,
BOYS-ORG-017,
BOYS-ORG-018,
BOYS-ORG-019,
BOYS-ORG-020,
BOYS-ORG-021,
BOYS-ORG-022,
BOYS-ORG-023,
BOYS-ORG-024,
BOYS-ORG-025,
BOYS-ORG-026,
BOYS-ORG-027,
BOYS-ORG-028,
BOYS-ORG-029,
BOYS-ORG-030,
BOYS-ORG-031,
BOYS-ORG-032,
BOYS-ORG-033,
BOYS-ORG-034,
BOYS-ORG-035,
BOYS-ORG-036,
BOYS-ORG-037,
BOYS-ORG-038,
BOYS-ORG-039,
BOYS-ORG-040,
BOYS-ORG-041,
BOYS-ORG-042,
BOYS-ORG-043,
BOYS-ORG-044,
BOYS-ORG-045,
BOYS-ORG-046,
BOYS-ORG-047,
BOYS-ORG-048,
BOYS-ORG-049,
BOYS-ORG-050,
BOYS-ORG-051,
BOYS-ORG-052,
BOYS-ORG-053,
BOYS-ORG-054,
BOYS-ORG-055,
BOYS-ORG-056,
BOYS-ORG-057,
BOYS-ORG-058,
BOYS-ORG-059,
BOYS-ORG-060,
BOYS-ORG-061,
BOYS-ORG-062,
BOYS-ORG-063,
BOYS-ORG-064,
BOYS-ORG-065,
BOYS-ORG-066,
BOYS-ORG-067,
BOYS-ORG-068,
BOYS-ORG-069,
BOYS-ORG-070,
BOYS-ORG-071,
BOYS-ORG-072,
BOYS-ORG-073,
BOYS-ORG-074,
BOYS-ORG-075,
BOYS-ORG-076,
BOYS-ORG-077,
BOYS-ORG-078,
BOYS-ORG-079,
BOYS-ORG-080,
BOYS-ORG-081,
BOYS-ORG-082,
BOYS-ORG-083,
BOYS-ORG-084,
BOYS-ORG-085,
BOYS-ORG-086,
BOYS-ORG-087,
BOYS-ORG-088,
BOYS-ORG-089,
BOYS-ORG-090,
BOYS-ORG-091,
BOYS-ORG-092,
BOYS-ORG-093,
BOYS-ORG-094,
BOYS-ORG-095,
BOYS-ORG-096,
BOYS-ORG-097,
BOYS-ORG-098,
BOYS-ORG-099,
BOYS-ORG-100,
BOYS-ORG-101,
